	'cept	1(1)	not including; other than
	'cept	2(1)	non-standard contraction of except used in representing speech
	'gainst	1(1)	in opposition to
DeicticTime,Location	'gainst	10(4)	in or into physical contact with (something), so as to be supported by or collide with it
	'gainst	11(n)	in hostility towards (person or group)
	'gainst	12(1)	short for against
Beneficiary	'gainst	2(1a)	in opposition to (a litigant, legal case, or legal position)
Co-Agent	'gainst	3(1b)	in competition with
	'gainst	4(2)	in anticipation of and preparation for (a problem or difficulty)
	'gainst	5(2a)	(in betting) in anticipation of the failure of
	'gainst	6(2b)	in resistance to; as protection from
	'gainst	7(2c)	in relation to (an amount of money owed, due, or lent) so as to reduce, cancel, or secure it
Comparison/Contrast	'gainst	8(3)	in conceptual contrast to
	'gainst	9(3a)	in visual contrast to
Location	'mongst	1(1)	situated more or less centrally in relation to (several other things)
	'mongst	2(2)	being a member or members of (a larger set)
Locus	'mongst	3(3)	occurring in or shared by (some members of a group or community)
	'mongst	4(4)	indicating a division, choice, or differentiation involving three or more participants
	'mongst	5(1)	short for amongst (see among)
Location	'pon	1(1)	physically in contact with and supported by (a surface)
ProfessionalAspect	'pon	10(4)	as a member of (a committee, jury, or other body)
Goal	'pon	11(5)	having (the thing mentioned) as a target, aim, or focus
Beneficiary	'pon	11(5)-1	denoting the party or object affected by or experiencing a state or feeling
Destination,Locus	'pon	12(6)	(often followed by a noun without a determiner) having (the thing mentioned) as a medium for transmitting or storing information
Via	'pon	13(6a)	being broadcast by (a radio or television channel)
Locus	'pon	14(7)	in the course of (a journey)
Location	'pon	15(7a)	while travelling in (a public vehicle)
Destination	'pon	16(7b)	on to (a public vehicle) with the intention of travelling in it
Time	'pon	17(8)	indicating the day or part of a day during which an event takes place
Time	'pon	18(8a)	at the time of
Activity	'pon	19(9)	engaged in
Location	'pon	2(1a)	located somewhere in the general surface area of (a place)
State	'pon	20(10)	regularly taking (a drug or medicine)
	'pon	21(11)	paid for by
	'pon	22(12)	added to
	'pon	23(1)	literary or dialect form of upon
	'pon	3(1b)	as a result of accidental physical contact with
Other	'pon	4(1c)	supported by (a part of the body)
Destination	'pon	5(1d)	on to
Possessor	'pon	6(1e)	in the possession of; being carried by
Location	'pon	7(2)	forming a distinctive or marked part of the surface of
Topic	'pon	8(3)	having (the thing mentioned) as a topic; about
Topic	'pon	9(3a)	having (the thing mentioned) as a basis
	'pon	9(3a)-1	having (the thing mentioned) as the basis for monetary value
	a cut above	1(1)	noticeably superior to
	a la	1(1)	(of a dish) cooked or prepared in a specified way
	a la	2(1a)	in the style or manner of
	abaft	1(1)	nearer the stern than; behind
	aboard	1(1)	on or into (a ship, aircraft, train, or other vehicle)
	aboard	2(1a)	on or on to (a horse)
Attribute,Stimulus,Topic	about	1(1)	on the subject of; concerning
Topic	about	2(1a)	so as to affect
2DArea	about	3(2)	used to indicate movement within a particular area
1DTrajectory,2DArea	about	3(2)-1	around
Location	about	4(3)	used to express location in a particular place
Possessor	about	5(3a)	used to describe a quality apparent in a person
	about	6(n)	expressing the time when an event takes place
Location,1DTrajectory	above	1(1)	in extended space over and not touching
	above	10(n)	more so than anything else
Location	above	2(1a)	extending upwards over
Location	above	3(1b)	higher than and to one side of; overlooking
Location	above	4(2)	at a higher level or layer than
Scalar/Rank	above	5(2a)	higher in grade or rank than
Scalar/Rank	above	6(2b)	considered of higher status or worth than; too good for
Scalar/Rank	above	7(2c)	in preference to
Scalar/Rank	above	8(2d)	at a higher volume or pitch than
Scalar/Rank,ValueComparison	above	9(3)	higher than (a specified amount, rate, or norm)
	absent	1(1)	without
	according to	1(1)	as stated by or in
Circumstance	according to	2(1a)	in a manner corresponding or conforming to
Circumstance	according to	3(1b)	in proportion to; in relation to
	according to	4(n)	as stated in
1DTrajectory	across	1(1)	from one side to the other of (a place, area, etc.)
Duration	across	1(1)-1	used to indicate a period of time begun while some activity continues
Location,1DTrajectory	across	2(2)	expressing position or orientation
	across	3(n)	so as to include
DeicticTime,RelativeTime	afore	1(1)	during the period of time preceding (a particular event or time)
Location	afore	2(2)	in front of
Other	afore	3(2a)	in front of and required to answer to (a court of law, tribunal, or other authority)
Scalar/Rank	afore	4(3)	in preference to; rather than
	afore	5(1)	before
RelativeTime	after	1(1)	in the time following (an event or another period of time)
Explanation	after	1(1)-1	following in time and resulting from (an event or activity)
Comparison/Contrast	after	10(5a)	in imitation of
	after	11(n)	in spite of indications to the contrary
Frequency	after	2(1a)	(in phrases indicating something happening continuously or repeatedly) in the time following (an event or another period of time)
ClockTimeCxn	after	3(1b)	past
	after	4(1c)	during the time following the departure or action of
	after	5(2)	behind
Direction	after	6(2a)	(with reference to looking or speaking) in the direction of someone who is moving further away
	after	7(3)	in pursuit or quest of
Scalar/Rank	after	8(4)	next to and following in order or importance
Comparison/Contrast	after	9(5)	in allusion to (someone or something with the same or a related name)
	after the fashion of	1(1)	in a manner similar to
	against	1(1)	in opposition to
Location	against	10(4)	in or into physical contact with (something), so as to be supported by or collide with it
	against	11(n)	in hostility towards (person or group)
Beneficiary	against	2(1a)	in opposition to (a litigant, legal case, or legal position)
Co-Agent	against	3(1b)	in competition with
	against	4(2)	in anticipation of and preparation for (a problem or difficulty)
	against	5(2a)	(in betting) in anticipation of the failure of
	against	6(2b)	in resistance to; as protection from
	against	7(2c)	in relation to (an amount of money owed, due, or lent) so as to reduce, cancel, or secure it
Comparison/Contrast	against	8(3)	in conceptual contrast to
	against	9(3a)	in visual contrast to
	agin	1(1)	in opposition to
DeicticTime,Location	agin	10(4)	in or into physical contact with (something), so as to be supported by or collide with it
	agin	11(n)	in hostility towards (person or group)
	agin	12(1)	against
Beneficiary	agin	2(1a)	in opposition to (a litigant, legal case, or legal position)
Co-Agent	agin	3(1b)	in competition with
	agin	4(2)	in anticipation of and preparation for (a problem or difficulty)
	agin	5(2a)	(in betting) in anticipation of the failure of
	agin	6(2b)	in resistance to; as protection from
	agin	7(2c)	in relation to (an amount of money owed, due, or lent) so as to reduce, cancel, or secure it
Comparison/Contrast	agin	8(3)	in conceptual contrast to
	agin	9(3a)	in visual contrast to
Location	ahead of	1(1)	in front of or before
	ahead of	2(1a)	in store for; awaiting
RelativeTime	ahead of	3(1b)	earlier than
	ahead of	4(n)	higher than (a reference point on a scale)
	all for	1(1)	strongly in favor of
Location,2DArea	all over	1(1)	throughout; in every part of
	all over	2(1a)	throughout; in every part of (the body or body part)
State	all over	3(2)	effusively attentive to
1DTrajectory	along	1(1)	moving in a constant direction on (a more or less horizontal surface)
	along	2(1a)	used to refer to the passage of time or the making of progress
1DTrajectory	along	3(2)	extending in a more or less horizontal line on
	along	4(n)	in accordance or conformity with
Accompanier	along with	1(1)	in company with or at the same time as
	alongside	1(1)	close to the side of; next to
	alongside	2(1a)	together with and in cooperation with
	alongside	3(1b)	at the same time as or in coexistence with
	amid	1(1)	surrounded by; in the middle of
	amid	2(1a)	in an atmosphere or against a background of
	amidst	1(1)	surrounded by; in the middle of
	amidst	2(1a)	in an atmosphere or against a background of
	amidst	3(1)	variant of amid
Location	among	1(1)	situated more or less centrally in relation to (several other things)
Superset	among	2(2)	being a member or members of (a larger set)
Locus	among	3(3)	occurring in or shared by (some members of a group or community)
	among	4(4)	indicating a division, choice, or differentiation involving three or more participants
	anent	1(1)	concerning; about
	anti	1(1)	opposed to; against
Elements	apart from	1(1)	except for
Elements	apart from	2(2)	in addition to; as well as
	apropos	1(1)	with reference to; concerning
Location	around	1(1)	on every side of
Topic	around	2(1a)	(of something abstract) having (the thing mentioned) as a focal point
2DArea,State	around	3(2)	in or to many places throughout (a community or locality)
1DTrajectory	around	4(3)	following an approximately circular route
Location,1DTrajectory	around	4(3)-1	on the other side of (a corner or obstacle)
1DTrajectory	around	5(4)	so as to encircle or embrace (someone or something)
Time	around	6(n)	expressing the time when an event takes place
Attribute	as	1(1)	used to refer to the function or character that someone or something has
	as	2(2)	during the time of being (the thing specified)
	as	3(n)	for example
	as	4(n)	distinguished from or in contrast with
	as far as	1(1)	for a great enough distance to reach
	as far as	2(n)	in the intervening period between (the time mentioned) and the time under consideration, typically the present
	as far as	3(n)	approaching or reaching (a particular goal)
	as for	1(1)	with regard to
	as from	1(1)	used to indicate the time or date from which something starts
	as of	1(1)	used to indicate the time or date from which something starts
Topic	as regards	1(1)	concerning; in respect of
Topic	as to	1(1)	with respect to; concerning
	as well as	1(1)	in addition to
Elements	aside from	1(1)	apart from
	aslant	1(1)	across (something) at an angle
	astraddle	1(1)	with the legs stretched widely on each side of
	astride	1(1)	with a leg on each side of
	astride	2(2)	extending across
Location	at	1(1)	expressing location or arrival in a particular place or position
Direction	at	10(5a)	expressing an incomplete or attempted action, typically involving repeated movements
Instrument	at	11(6)	expressing the means by which something is done
Stimulus	at	11(6)-1	denoting the thing that provokes an emotional reaction
ProfessionalAspect	at	12(n)	employed by
Time	at	2(2)	expressing the time when an event takes place
Time	at	3(2a)	(followed by a noun without a determiner) denoting a particular period of time
ProfessionalAspect	at	4(2b)	(followed by a noun without a determiner) denoting the time spent by someone attending an educational institution or workplace
Frequency,Value	at	5(3)	denoting a particular point or level on a scale
Age	at	6(3a)	referring to someone's age
State	at	7(4)	expressing a particular state or condition
Activity	at	8(4a)	expressing a relationship between an individual and a skill
Goal,Recipient	at	9(5)	expressing the object of a look, thought, action, or plan
	at a range of	1(1)	at (a specified distance) away from
	at the hand of	1(1)	through the agency of
	at the hands of	1(1)	through the agency of
	at the heels of	1(1)	following closely after
	athwart	1(1)	from side to side of; across
	athwart	2(2)	in opposition to; counter to
Location	atop	1(1)	on the top of
	atop	2(n)	at the top of (a specified reference amount or group)
	back of	1(1)	behind
	bar	1(1)	except for
	bar	2(1a)	(used when stating the odds) except (a particular horse or horses)
	bare of	1(1)	devoid of; without
	barring	1(1)	except for; if not for
Explanation	because of	1(1)	on account of; by reason of
DeicticTime,RelativeTime	before	1(1)	during the period of time preceding (a particular event or time)
Location	before	2(2)	in front of
Locus	before	3(2a)	in front of and required to answer to (a court of law, tribunal, or other authority)
Scalar/Rank	before	4(3)	in preference to; rather than
Location	behind	1(1)	at or to the far side of (something), typically so as to be hidden by it
Possessor	behind	2(1a)	underlying (something) but not apparent to the observer
Location	behind	3(2)	following or further back than (another member of a moving group)
	behind	4(2a)	at the back of or in the wake of (someone)
	behind	5(3)	in support of or giving guidance to (someone else)
	behind	6(3a)	controlling or responsible for (an event or plan)
	behind	7(4)	after the departure or death of (someone)
Scalar/Rank	behind	8(5)	less advanced than (someone or something) in achievement or development
Scalar/Rank	behind	9(6)	having a lower score than (another competitor)
Location,Locus	below	1(1)	at a lower level or layer than
Scalar/Rank	below	2(1a)	lower in grade or rank than
Scalar/Rank,ValueComparison	below	3(1b)	lower than (a specified amount or standard)
Location	below	4(2)	extending underneath
	below	5(n)	hidden behind (an appearance)
Location	beneath	1(1)	extending or directly underneath
Location	beneath	2(1a)	underneath so as to be hidden, covered, or protected by
Location	beneath	3(2)	at a lower level or layer than
Scalar/Rank	beneath	4(2a)	lower in grade or rank than
Scalar/Rank	beneath	5(2b)	considered of lower status or worth than
	beneath	6(2c)	hidden behind (an appearance)
Location	beside	1(1)	at the side of; next to
Comparison/Contrast	beside	2(1a)	compared with
	beside	3(2)	in addition to; apart from
Elements	besides	1(1)	in addition to; apart from
	besides	2(n)	at the side of; next to
Location,1DTrajectory	between	1(1)	at, into, or across the space separating (two objects or regions)
RelativeTime	between	2(2)	in the period separating (two points in time)
Approximator	between	3(3)	in the interval separating (two points on a scale)
Co-Agent,Co-Theme	between	4(4)	indicating a connection or relationship involving two or more parties
Co-Agent,Co-Theme,Co-Patient	between	5(4a)	with reference to a collision or conflict
Comparison/Contrast	between	6(4b)	with reference to a contrast or failure to correspond
	between	7(4c)	with reference to a choice or differentiation involving two or more things being considered together
	between	8(5)	by combining the resources or actions of (two or more people or other entities)
	between	9(5a)	shared by (two or more people or things)
Location,1DTrajectory	betwixt	1(1)	at, into, or across the space separating (two objects or regions)
	betwixt	10(1)	archaic term for between
RelativeTime	betwixt	2(2)	in the period separating (two points in time)
Approximator	betwixt	3(3)	in the interval separating (two points on a scale)
Co-Agent,Co-Theme,Co-Patient	betwixt	4(4)	indicating a connection or relationship involving two or more parties
Co-Agent,Co-Theme,Co-Patient	betwixt	5(4a)	with reference to a collision or conflict
Comparison/Contrast	betwixt	6(4b)	with reference to a contrast or failure to correspond
	betwixt	7(4c)	with reference to a choice or differentiation involving two or more things being considered together
	betwixt	8(5)	by combining the resources or actions of (two or more people or other entities)
	betwixt	9(5a)	shared by (two or more people or things)
Location	beyond	1(1)	at or to the further side of
Location,State	beyond	2(1a)	outside the physical limits or range of
Scalar/Rank	beyond	3(1b)	more extensive or extreme than; further-reaching than
RelativeTime	beyond	4(2)	happening or continuing after (a specified time, stage, or event)
	beyond	5(3)	having progressed or achieved more than (a specified stage or level)
Scalar/Rank	beyond	6(3a)	above or greater than (a specified amount)
	beyond	7(4)	to or in a degree or condition where (a specified action) is impossible
	beyond	8(4a)	too much for (someone) to achieve or understand
Elements	beyond	9(5)	apart from; except
Elements	but	1(1)	except; apart from; other than
	but for	1(1)	except for
	but for	2(1a)	if it were not for
Agent	by	1(1)	through the agency or action of
	by	10(2e)	indicating the sire of a pedigree animal, especially a horse
Manner	by	11(2f)	(followed by a noun without a determiner) in various phrases indicating how something happens
Extent	by	12(3)	indicating the amount or size of a margin
Value	by	13(3a)	indicating a quantity or amount
Frequency	by	14(3b)	in phrases indicating something happening repeatedly or progressively, typically with repetition of a unit of time
Attribute	by	15(3c)	identifying a parameter
Value	by	16(3d)	expressing multiplication, especially in dimensions
RelativeTime	by	17(4)	indicating a deadline or the end of a particular time period
Location	by	18(5)	indicating location of a physical object beside a place or object
1DTrajectory	by	19(5a)	past and beyond
Agent,Causer,Stimulus	by	2(1a)	(after a passive verb) through the agency or action of
Temporal	by	20(6)	indicating the period in which something happens
Beneficiary,Donor/Speaker	by	21(7)	concerning; according to
Manner	by	22(8)	used in mild oaths
	by	23(n)	(followed by a noun without a determiner) in various phrases indicating how something happens
Agent	by	3(1b)	(after a noun denoting an action) through the agency or action of
Creator	by	4(1c)	from the hand, mind, or inventive capacity of
Means	by	5(2)	indicating the means of achieving something
Function	by	6(2a)	indicating a term to which an interpretation is to be assigned
	by	7(2b)	indicating a name according to which a person is known
Course,Transit	by	8(2c)	indicating the means of transport selected for a journey
Co-Agent	by	9(2d)	indicating the other parent of someone's child or children
	by courtesy of	1(1)	given or allowed by
	by courtesy of	2(1a)	as a result of; thanks to
	by dint of	1(1)	by means of
	by force of	1(1)	by means of
	by means of	1(1)	with the help of; by using
	by reason of	1(1)	because of
	by the hand of	1(1)	through the agency of
	by the hands of	1(1)	through the agency of
	by the name of	1(1)	called
Explanation	by virtue of	1(1)	because of; as a result of
	by way of	1(1)	so as to pass through or across; via
	by way of	2(2)	constituting; as a form of
	by way of	3(3)	by means of
	care of	1(1)	at the address of
	chez	1(1)	at the home of (used in conscious imitation of French)
Approximator,Time	circa	1(1)	approximately at, in, or of (a year or other expression of time)
	come	1(1)	on or at the arrival of (a specified date, time or season)
	complete with	1(1)	with (something) as an additional part or feature
Topic	concerning	1(1)	on the subject of or in connection with; about
	considering	1(1)	taking into consideration
	contrary to	1(1)	conflicting with or running counter to
	counting	1(1)	(when reaching or stating a total) taking account of; including
	courtesy of	1(1)	given or allowed by
	courtesy of	2(1a)	as a result of; thanks to
	cum	1(1)	combined with; also used as (used to describe things with a dual nature or function)
	dehors	1(1)	other than, not including, or outside the scope of
Circumstance	depending on	1(1)	according to
Circumstance	despite	1(1)	without being affected by; in spite of
1DTrajectory	down	1(1)	from a higher to a lower point of (something)
Course,Location	down	2(1a)	at or to the part of (a river or stream) that is nearer the sea
Course,Location	down	3(1b)	moving or at a point further along the course of (something)
Location	down	4(1c)	at or to (a place)
Duration	down	5(2)	throughout (a period of time)
	down	6(n)	(be) totally wasted
	down	7(n)	from a higher to a lower point of (a scale)
	due to	1(1)	(of a thing) required of or owed to as a legal or moral obligation
Explanation	due to	2(2)	caused by or ascribable to
	due to	3(3)	because of; owing to
Duration	during	1(1)	throughout the course or duration of (a period of time)
Duration	during	2(1a)	at a particular point in the course of
	ere	1(1)	before (in time)
	ex	1(1)	(of goods) sold direct from
	ex	2(1a)	(of goods) without charges to the purchaser until removed from
	ex	3(2)	not including
Elements	except	1(1)	not including; other than
Elements	except for	1(1)	not including; other than
	excepting	1(1)	except for; apart from
	excluding	1(1)	not taking someone or something into account; except
	exclusive of	1(1)	not including
	failing	1(1)	in the absence of; if not
	following	1(1)	coming after or as a result of
	following	2(n)	acting according to (instructions) or the lead of (someone)
Beneficiary,Experiencer,Theme,Topic	for	1(1)	in support of or in favor of (a person or policy)
Value	for	10(8a)	charged as (a price)
Scalar/Rank	for	11(9)	in relation to the expected norm of
DeicticTime,Duration	for	12(10)	indicating the length of (a period of time)
Extent	for	13(11)	indicating the extent of (a distance)
Frequency	for	14(12)	indicating an occasion in a series
Recipient,Stimulus,Theme	for	2(2)	affecting, with regard to, or in respect of
Beneficiary,Experiencer	for	2(2)-1	on the part of (someone or something)
Beneficiary	for	3(3)	on behalf of or to the benefit of
ProfessionalAspect	for	4(3a)	employed by
Attribute,Function,Purpose,Theme	for	5(4)	having (the thing mentioned) as a purpose or function
Circumstance,Explanation,Purpose,Reciprocation	for	6(5)	having (the thing mentioned) as a reason or cause
Destination,Time	for	7(6)	having (the place mentioned) as a destination
Function	for	8(7)	representing (the thing mentioned)
Co-Theme,Theme	for	9(8)	in place of or in exchange for
	for all	1(1)	in spite of &amp;mdash;&amp;mdash;
	for the benefit of	1(1)	in order to help or be useful to
	for the benefit of	2(1a)	in order to interest or impress (someone)
	forbye	1(1)	in addition to; besides
DeicticTime,RelativeTime	fore	1(1)	during the period of time preceding (a particular event or time)
Location	fore	2(2)	in front of
Other	fore	3(2a)	in front of and required to answer to (a court of law, tribunal, or other authority)
Scalar/Rank	fore	4(3)	in preference to; rather than
	fore	5(1)	non-standard form of before
	fornent	1(1)	alongside, opposite, or close by
InitialLocation,StartState	frae	1(1)	indicating the point in space at which a journey, motion, or action starts
Co-Theme,InitialLocation,StartState	frae	10(7)	indicating separation or removal
StartState	frae	10(7)-1	identifying the state or condition that one has just left usually on account of awakening or healing
Activity	frae	11(8)	indicating prevention
Cause	frae	12(9)	indicating a cause
Speaker	frae	12(9)-1	by or on the part of (someone or something)
Source	frae	13(10)	indicating a source of knowledge or the basis for one's judgement
Comparison/Contrast	frae	14(11)	indicating a distinction
	frae	15(1)	from
Location	frae	2(1a)	indicating the distance between a particular place and another place used as a point of reference
StartTime	frae	3(2)	indicating the point in time at which a particular process, event, or activity starts
InitialLocation,Location,Source	frae	4(3)	indicating the source or provenance of someone or something
StartTime	frae	5(3a)	indicating the date at which something was created
Source	frae	6(4)	indicating the starting point of a specified range on a scale
	frae	7(4a)	indicating one extreme in a range of conceptual variations
Location	frae	8(5)	indicating the point at which an observer is placed
Material	frae	9(6)	indicating the raw material out of which something is manufactured
InitialLocation,StartState	from	1(1)	indicating the point in space at which a journey, motion, or action starts
Co-Theme,InitialLocation,StartState	from	10(7)	indicating separation or removal
StartState	from	10(7)-1	identifying the state or condition that one has just left usually on account of awakening or healing
Theme	from	11(8)	indicating prevention
Causer	from	12(9)	indicating a cause
Donor/Speaker,Source	from	12(9)-1	by or on the part of (someone or something)
ProfessionalAspect,Source	from	13(10)	indicating a source of knowledge or the basis for one's judgement
Comparison/Contrast	from	14(11)	indicating a distinction
Location	from	2(1a)	indicating the distance between a particular place and another place used as a point of reference
StartTime	from	3(2)	indicating the point in time at which a particular process, event, or activity starts
Donor/Speaker,InitialLocation,Location,ProfessionalAspect,Source,Super	from	4(3)	indicating the source or provenance of someone or something
StartTime	from	5(3a)	indicating the date at which something was created
Source	from	6(4)	indicating the starting point of a specified range on a scale
Comparison/Contrast	from	7(4a)	indicating one extreme in a range of conceptual variations
Location	from	8(5)	indicating the point at which an observer is placed
Material	from	9(6)	indicating the raw material out of which something is manufactured
	give or take	1(1)	to within (a specified amount)
	give or take	2(1a)	apart from
	given	1(1)	taking into account
	gone	1(1)	(of time) past
	gone	2(1a)	(of age) older than
	having regard to	1(1)	as concerns; in respect of
Location,Theme	in	1(1)	expressing the situation of something that is or appears to be enclosed or surrounded by something else
Attribute	in	1(1)-1	used to indicate articles being worn
Attribute	in	10(7a)	indicating the key in which a piece of music is written
Circumstance	in	11(8)	as an integral part of (an activity)
Superset,Value	in	12(9)	expressing a value as a proportion of (a whole)
Location	in	2(1a)	expressing motion with the result that something ends up within or surrounded by something else
DeicticTime,Time	in	3(2)	expressing a period of time during which an event happens or a situation remains the case
DeicticTime	in	4(3)	expressing the length of time before a future event is expected to happen
Age,State	in	5(4)	(often followed by a noun without a determiner) expressing a state or condition
Activity,Attribute,Patient,Stimulus,Topic	in	6(4a)	indicating the quality or aspect with respect to which a judgement is made
Contour,Manner	in	6(4a)-1	indicating the manner in which or the degree to which something happens
Activity,Locus,Superset	in	7(5)	expressing inclusion or involvement
ProfessionalAspect	in	8(6)	indicating a profession or a specialization within a profession
Attribute	in	9(7)	indicating the language or medium used
Attribute	in	9(7)-1	used to indicate a variable quality in clothing or personal items
Circumstance	in accord with	1(1)	according to
Elements	in addition to	1(1)	besides
	in advance of	1(1)	ahead of; before
	in advance of	2(n)	ahead of
	in aid of	1(1)	in support of; for the purpose of raising money for
	in back of	1(1)	behind
	in bed with	1(1)	having sexual intercourse with
	in bed with	2(1a)	in undesirably close association with
	in bed with	3(n)	(for maladies, diseases and afflctions) because of
	in behalf of	1(1)	in the interests of a person, group, or principle
	in behalf of	2(2)	as a representative of
	in case of	1(1)	in the event of (a particular situation)
	in common with	1(1)	in the same way as
	in common with	2(n)	shared together with
	in company with	1(1)	together with
	in connection with	1(1)	with reference to; concerning
	in consideration of	1(1)	in return for; on account of
	in consideration of	2(n)	on account of
	in contravention of	1(1)	so as to violate the provisions of
	in default of	1(1)	in the absence of
	in default of	2(n)	failing to meet (financial obligations)
	in excess of	1(1)	more than
	in face of	1(1)	when confronted with
	in face of	2(1a)	despite
	in favor of	1(1)	to be replaced by
	in favor of	2(2)	in support or to the advantage of
	in favour of	1(1)	to be replaced by
	in favour of	2(2)	in support or to the advantage of
Location	in front of	1(1)	in a position just ahead of or at the front part of
Location	in front of	2(1a)	in a position facing someone or something
	in front of	3(2)	in the presence of
	in front of	4(n)	in store for; awaiting
	in honor of	1(1)	as a celebration of or expression of respect for
	in honour of	1(1)	as a celebration of or expression of respect for
Circumstance	in keeping with	1(1)	in harmony or conformity with
	in lieu of	1(1)	instead of
	in light of	1(1)	considering
Circumstance	in line with	1(1)	in alignment or accordance with
	in line with	2(n)	in alignment with
	in memoriam	1(1)	in memory of (a dead person)
State	in need of	1(1)	needing (something)
	in peril of	1(1)	very likely to incur or to suffer from
	in place of	1(1)	instead of
	in place of	2(n)	instead of
	in proportion to	1(1)	according to (a particular relationship in size, amount, or degree)
	in proportion to	2(1a)	in comparison with; in relation to
	in proportion to	3(n)	In the correct or appropriate relation to (the size, shape, or position of other things)
	in re	1(1)	in the legal case of; with regard to
	in reference to	1(1)	in relation to; as regards
	in regard to	1(1)	as concerns; in respect of
	in relation to	1(1)	in the context of; in connection with
	in respect of	1(1)	as regards; with reference to
	in sight of	1(1)	so as to see or be seen from
	in sight of	2(1a)	within reach of; close to attaining
Circumstance	in spite of	1(1)	without being affected by
Topic	in terms of	1(1)	with regard to
	in the course of	1(1)	while undergoing a process of
	in the course of	2(2)	during
	in the face of	1(1)	when confronted with
	in the face of	2(1a)	despite
	in the fashion of	1(1)	in a manner similar to
	in the grip of	1(1)	dominated or affected by something undesirable or adverse
	in the light of	1(1)	considering
	in the matter of	1(1)	as regards
Duration,State	in the midst of	1(1)	engaged in or undergoing a process of
Location	in the midst of	2(n)	surrounded by; in the middle of
	in the midst of	3(n)	in an atmosphere or against a background of
	in the name of	1(1)	bearing or using the name of a specified person or organization
	in the name of	2(1a)	for the sake of
	in the name of	3(1b)	by the authority of
	in the pay of	1(1)	employed by
	in the person of	1(1)	in the physical form of
	in the shape of	1(1)	represented or embodied by
	in the shape of	2(1a)	by way of; in the nature of
	in the teeth of	1(1)	directly against (the wind)
	in the teeth of	2(1a)	in spite of (opposition or difficulty)
	in the throes of	1(1)	in the middle of doing or dealing with something very difficult or painful
	in token of	1(1)	as a sign or symbol of
	in view of	1(1)	because of; as a result of
	in virtue of	1(1)	because of; as a result of
	including	1(1)	used to specify parts, species, members, or particulars of the general thing mentioned
	inclusive of	1(1)	containing (a specified element) as part of a whole
Location	inside	1(1)	situated within the confines of (something)
Location	inside	2(1a)	moving so as to end up within (something)
	inside	3(1b)	within (a person's body or mind), typically with reference to sensations of self-awareness
Location	inside	4(1c)	(in soccer, rugby, and other sports) closer to the centre of the field than (another player)
DeicticTime	inside	5(2)	in less than (the period of time specified)
	inside	6(n)	expressing inclusion or involvement
Location	inside of	1(1)	within
	inside of	2(1a)	in less than (the period of time specified)
Comparison/Contrast	instead of	1(1)	as a substitute or alternative to; in place of
Destination	into	1(1)	expressing movement or action with the result that someone or something becomes enclosed or surrounded by something else
Duration	into	1(1)-1	used to indicate a period of time begun while some activity continues
Destination	into	2(2)	to a position of contact with
Destination	into	3(3)	indicating a route by which someone or something may arrive at a particular destination
Direction	into	4(4)	in the direction of
Topic	into	5(5)	directed towards; about
EndState	into	6(6)	expressing a change of state
EndState	into	7(7)	expressing the result of an action
Value	into	8(8)	expressing division
Activity	into	9(9)	(of a person) taking a lively and active interest in (something)
	irrespective of	1(1)	not taking (something) into account; regardless of
	less	1(1)	before subtracting (something); minus
Comparison/Contrast	like	1(1)	having the same characteristics or qualities as; similar to
Comparison/Contrast	like	2(1a)	in the manner of; in the same way or to the same degree as
Comparison/Contrast	like	3(1b)	in a way appropriate to
	like	4(1c)	such as one might expect from; characteristic of
	like	5(1d)	used in questions to ask about the characteristics or nature of someone or something
	like	6(2)	used to draw attention to the nature of an action or event
Elements	like	7(3)	such as; for example
	little short of	1(1)	almost (or equal to); little (or nothing) less than
	mid	1(1)	in the middle of
	mid	2(1a)	in the course of
	midst	1(1)	in the middle of
	minus	1(1)	with the subtraction of
Attribute,Elements	minus	2(1a)	lacking; deprived of
Approximator	minus	3(2)	(of temperature) below zero by
	mod	1(1)	another term for modulo
	modulo	1(1)	(in number theory) with respect to or using a modulus of a specified number. Two numbers are congruent modulo a given number if they give the same remainder when divided by that number
Comparison/Contrast	more like	1(1)	nearer to (a specified number or description) than one previously given
Location	near	1(1)	at or to a short distance away from (a place)
Time	near	2(2)	a short period of time from
State	near	3(3)	close to (a state); verging on
ValueComparison	near	4(3a)	a small amount below (another amount)
Comparison/Contrast	near	5(4)	similar to
	near to	1(1)	at or to a short distance away from (a place)
	near to	2(2)	a short period of time from
	near to	3(3)	close to (a state); verging on
	near to	4(3a)	a small amount below (another amount)
	near to	5(4)	similar to
	near to	6(n)	intimate or closely acquainted with
Location	neath	1(1)	extending or directly underneath
Location	neath	2(1a)	underneath so as to be hidden, covered, or protected by
Location	neath	3(2)	at a lower level or layer than
Scalar/Rank	neath	4(2a)	lower in grade or rank than
Scalar/Rank	neath	5(2b)	considered of lower status or worth than
	neath	6(2c)	hidden behind (an appearance)
	neath	7(1)	beneath
	next door to	1(1)	in the next house or room to
	next door to	2(1a)	almost; near to
Location	next to	1(1)	in or into a position immediately to one side of; beside
Scalar/Rank	next to	2(2)	following in order or importance
	next to	3(3)	almost
Comparison/Contrast	next to	4(4)	in comparison with
	nigh	1(1)	at or to a short distance away from (a place)
	nigh	2(2)	a short period of time from
	nigh	3(3)	close to (a state); verging on
	nigh	4(3a)	a small amount below (another amount)
	nigh	5(4)	similar to
	nigh	6(1)	almost
	nothing short of	1(1)	almost (or equal to); little (or nothing) less than
	notwithstanding	1(1)	in spite of
	o'	1(1)	expressing the relationship between a part and a whole
	o'	10(5a)	denoting the genus to which a given thing or quality belongs
	o'	11(6)	expressing the relationship between an abstract concept having a verb-like meaning and a noun denoting the subject of the underlying verb
	o'	12(6a)	expressing the relationship between a verbal noun and its object
Possessor,Topic	o'	13(6b)	expressing the relationship between a predicate adjective and its application
Theme,Topic	o'	14(7)	indicating the relationship between a verb and an indirect object
Topic	o'	15(7a)	(with verbs of sensing and cognition) expressing content or object
Cause	o'	16(7b)	(for maladies, diseases and afflctions) because of
Material	o'	17(8)	indicating the material or substance constituting something
ClockTimeCxn	o'	18(9)	expressing time in relation to the following hour
	o'	19(1)	short for of, used to represent an informal pronunciation
Superset,Whole	o'	2(1a)	expressing the relationship between a part and a whole with the word denoting the part functioning as the head of the phrase
Partitive	o'	3(1b)	(after a number, quantifier, or partitive noun) expressing the relationship between a part and a whole with the word denoting the whole functioning as the head of the phrase
Partitive	o'	3(1b)-1	used to indicate the contents of a container
Extent,Value	o'	4(2)	expressing the relationship between a scale or measure and a value
Age	o'	5(2a)	used to indicate a person's age in months or years
Possessor,Topic	o'	6(3)	indicating an association between two entities, typically one of belonging, in which the first is the head of the phrase and the second is something associated with it
Attribute	o'	6(3)-1	used to indicate a quality or defining characteristic
Speaker	o'	7(3a)	expressing the relationship between an author, artist, or composer and their works collectively
Location	o'	8(4)	expressing the relationship between a direction and a point of reference
Species	o'	9(5)	expressing the relationship between a general category or type and the thing being specified which belongs to such a category
Location	o'er	1(1)	extending directly upwards from
Approximator	o'er	10(3)	higher or more than (a specified number or quantity)
1DTrajectory	o'er	11(4)	expressing passage or trajectory across
1DTrajectory	o'er	12(4a)	beyond and falling or hanging from
Location	o'er	13(4b)	at the other side of; beyond
Duration	o'er	14(5)	expressing duration
Via	o'er	15(6)	expressing the medium by which something is done; by means of
Destination	o'er	15(6)-1	by means of the resistant surface constituted by (an object)
Topic	o'er	16(7)	on the subject of
	o'er	17(1)	archaic or literary term of over
Location	o'er	2(1a)	above so as to co'er or protect
Location,1DTrajectory	o'er	3(1b)	extending above (an area) from a vantage point
Location	o'er	4(2)	at a higher level or layer than
Scalar/Rank	o'er	5(2a)	higher in rank than
Patient	o'er	6(2b)	expressing authority or control
Scalar/Rank	o'er	7(2c)	expressing preference
Scalar/Rank	o'er	8(2d)	expressing majority
Scalar/Rank	o'er	9(2e)	higher in volume or pitch than
	of	1(1)	expressing the relationship between a part and a whole
Species	of	10(5a)	denoting the genus to which a given thing or quality belongs
Agent,Possessor	of	11(6)	expressing the relationship between an abstract concept having a verb-like meaning and a noun denoting the subject of the underlying verb
Patient,Theme	of	12(6a)	expressing the relationship between a verbal noun and its object
Possessor,Topic	of	13(6b)	expressing the relationship between a predicate adjective and its application
Theme,Topic	of	14(7)	indicating the relationship between a verb and an indirect object
Topic	of	15(7a)	(with verbs of sensing and cognition) expressing content or object
Causer,Stimulus	of	16(7b)	(for maladies, diseases and afflctions) because of
Elements,Material	of	17(8)	indicating the material or substance constituting something
ClockTimeCxn	of	18(9)	expressing time in relation to the following hour
Superset,Whole	of	2(1a)	expressing the relationship between a part and a whole with the word denoting the part functioning as the head of the phrase
Quantity,Superset,Whole	of	3(1b)	(after a number, quantifier, or partitive noun) expressing the relationship between a part and a whole with the word denoting the whole functioning as the head of the phrase
Quantity	of	3(1b)-1	used to indicate the contents of a container
Extent,Value	of	4(2)	expressing the relationship between a scale or measure and a value
Age	of	5(2a)	used to indicate a person's age in months or years
Possessor,ProfessionalAspect,Topic	of	6(3)	indicating an association between two entities, typically one of belonging, in which the first is the head of the phrase and the second is something associated with it
Attribute	of	6(3)-1	used to indicate a quality or defining characteristic
Creator	of	7(3a)	expressing the relationship between an author, artist, or composer and their works collectively
Location	of	8(4)	expressing the relationship between a direction and a point of reference
Instance	of	9(5)	expressing the relationship between a general category or type and the thing being specified which belongs to such a category
	of the name of	1(1)	called
	of the order of	1(1)	approximately
	of the order of	2(2)	having the order of magnitude specified by
InitialLocation	off	1(1)	moving away and often down from
InitialLocation,Location	off	2(2)	situated or leading in a direction away from (a main route or intersection)
Location	off	3(2a)	out at sea from (a place on the coast)
Direction,InitialLocation,Source	off	4(3)	so as to be removed or separated from
State	off	5(3a)	absent from
State	off	6(3b)	abstaining from
	off	7(4)	having a temporary dislike of
	off	8(n)	indicating (the source) of something; from
Location	on	1(1)	physically in contact with and supported by (a surface)
ProfessionalAspect	on	10(4)	as a member of (a committee, jury, or other body)
Goal,Patient,Theme	on	11(5)	having (the thing mentioned) as a target, aim, or focus
Beneficiary	on	11(5)-1	denoting the party or object affected by or experiencing a state or feeling
Location,Locus	on	12(6)	(often followed by a noun without a determiner) having (the thing mentioned) as a medium for transmitting or storing information
Via	on	13(6a)	being broadcast by (a radio or television channel)
Locus	on	14(7)	in the course of (a journey)
Location	on	15(7a)	while travelling in (a public vehicle)
Location	on	16(7b)	on to (a public vehicle) with the intention of travelling in it
Time	on	17(8)	indicating the day or part of a day during which an event takes place
Time	on	18(8a)	at the time of
Activity	on	19(9)	engaged in
Location	on	2(1a)	located somewhere in the general surface area of (a place)
State	on	20(10)	regularly taking (a drug or medicine)
	on	21(11)	paid for by
	on	22(12)	added to
	on	3(1b)	as a result of accidental physical contact with
Instrument,Location,Manner	on	4(1c)	supported by (a part of the body)
Location	on	5(1d)	on to
Possessor	on	6(1e)	in the possession of; being carried by
Location	on	7(2)	forming a distinctive or marked part of the surface of
Topic	on	8(3)	having (the thing mentioned) as a topic; about
Explanation,Manner,State,Topic	on	9(3a)	having (the thing mentioned) as a basis
	on	9(3a)-1	having (the thing mentioned) as the basis for monetary value
	on a level with	1(1)	in the same horizontal plane as
	on a level with	2(1a)	equal with
	on a par with	1(1)	equal in importance or quality to
Explanation	on account of	1(1)	because of
	on behalf of	1(1)	in the interests of a person, group, or principle
	on behalf of	2(2)	as a representative of
	on pain of	1(1)	the penalty for disobedience or shortcoming being
	on the order of	1(1)	approximately
	on the order of	2(2)	similar to
	on the order of	3(n)	specifying degree of mathematical complexity
	on the part of	1(1)	used to ascribe responsibility for something to someone
	on the point of	1(1)	the verge or brink of (doing or being something)
	on the score of	1(1)	because of
	on the strength of	1(1)	on the basis or with the justification of
	on the stroke of	1(1)	precisely at the specified time
Location	on top of	1(1)	on the highest point or uppermost surface of
	on top of	2(1a)	so as to cover; over
	on top of	3(2)	in command or control of
Elements	on top of	4(3)	in addition to
Location	on top of	5(4)	in close proximity to
	on top of	6(n)	using (an existing system or product) as a basis or support
Destination	onto	1(1)	moving to a location on the surface of
Destination	onto	2(2)	moving aboard (a vehicle) with the intention of travelling in it
	onto	3(n)	(often followed by a noun without a determiner) putting something on (a medium for transmitting, storing, or viewing information)
	onto	4(n)	concerning or likely to concern (something)
	onto	5(n)	becoming a member of (a committee or other body)
	onto	6(n)	identifying the person or thing affected by or receiving something
	onto	7(n)	expressing motion in the direction of (a particular location)
	onto	8(n)	coming to have (the thing mentioned) as a target, aim, or focus
	onto	9(n)	located on the surface of (a place)
	opposite	1(1)	in a position on the other side of a specific area from; facing
	opposite	2(2)	(of a leading actor) in a complementary role to (another)
Elements	other than	1(1)	apart from; except
Material,Source	out of	1(1)	indicating the source or derivation of something; from
Explanation	out of	2(1a)	having (the thing mentioned) as a motivation
	out of	3(2)	indicating the dam of a pedigree animal, especially a horse
Superset	out of	4(3)	from among (a number)
State	out of	5(4)	not having (a particular thing)
InitialLocation,StartState,1DTrajectory	out of	6(5)	moving or situated away from (a place)
Location	out of	7(6)	situated far or at a particular distance from somewhere
	out of	8(7)	eliminated from (a competition)
	out of	9(n)	not in (a state or condition)
	out of keeping with	1(1)	not in harmony or conformity with
	out of line with	1(1)	out of alignment or not in accordance with
	outboard of	1(1)	to the outside or on the far side of
Location	outside	1(1)	situated or moving beyond the confines or boundaries of
Superset	outside	2(1a)	not being a member of (a particular group)
Location	outside	3(1b)	(in soccer, rugby, and other sports) closer to the side of the field than (another player)
	outside	4(2)	beyond the limits or scope of
Location	outside of	1(1)	beyond the boundaries of
Elements	outside of	2(1a)	apart from
	outside of	3(n)	beyond the limits or scope of
	outta	1(1)	indicating the source or derivation of something; from
	outta	10(1)	a non-standard contraction of &amp;lsquo;out of&amp;rsquo;, used in representing informal speech
	outta	2(1a)	having (the thing mentioned) as a motivation
	outta	3(2)	indicating the dam of a pedigree animal, especially a horse
	outta	4(3)	from among (a number)
	outta	5(4)	not having (a particular thing)
	outta	6(5)	moving or situated away from (a place)
	outta	7(6)	situated far or at a particular distance from somewhere
	outta	8(7)	eliminated from (a competition)
	outta	9(n)	not in (a state or condition)
	outwith	1(1)	situated or moving beyond the confines or boundaries of
	outwith	2(1a)	not being a member of (a particular group)
	outwith	3(1b)	(in soccer, rugby, and other sports) closer to the side of the field than (another player)
	outwith	4(2)	beyond the limits or scope of
	outwith	5(1)	outside; beyond
Location	over	1(1)	extending directly upwards from
Approximator	over	10(3)	higher or more than (a specified number or quantity)
1DTrajectory	over	11(4)	expressing passage or trajectory across
1DTrajectory	over	12(4a)	beyond and falling or hanging from
Location	over	13(4b)	at the other side of; beyond
Duration	over	14(5)	expressing duration
Via	over	15(6)	expressing the medium by which something is done; by means of
Destination	over	15(6)-1	by means of the resistant surface constituted by (an object)
Topic	over	16(7)	on the subject of
Location	over	2(1a)	above so as to cover or protect
Location,1DTrajectory	over	3(1b)	extending above (an area) from a vantage point
Location	over	4(2)	at a higher level or layer than
Scalar/Rank	over	5(2a)	higher in rank than
Patient	over	6(2b)	expressing authority or control
Scalar/Rank	over	7(2c)	expressing preference
Scalar/Rank	over	8(2d)	expressing majority
Scalar/Rank	over	9(2e)	higher in volume or pitch than
	over against	1(1)	adjacent to
	over against	2(2)	in contrast with
	over and above	1(1)	in addition to
	over and above	2(n)	at a higher level than
	overtop	1(1)	over
Explanation	owing to	1(1)	because of or on account of
	pace	1(1)	with due respect to (someone or their opinion), used to express polite disagreement or contradiction
Location,1DTrajectory	past	1(1)	to or on the further side of
1DTrajectory	past	2(1a)	in front of or from one side to the other of
ClockTimeCxn,RelativeTime	past	3(2)	beyond in time; later than
	past	4(3)	no longer capable of
	past	5(3a)	beyond the limits or scope of
	past	6(n)	higher than (a specified amount or rate)
	pending	1(1)	until (something) happens
Value	per	1(1)	for each (used with units to express a rate)
	per	2(2)	by means of
	per	3(3)	divided by a line in the direction of
	per	4(n)	as stated by
	plus	1(1)	with the addition of
Accompanier	plus	2(1a)	together with
Approximator	plus	3(2)	(of temperature) above zero
	preparatory to	1(1)	as a preparation for
	previous to	1(1)	before
	prior to	1(1)	before
	pro	1(1)	in favor of
Circumstance	pursuant to	1(1)	in accordance with (a law or a legal document or resolution)
	qua	1(1)	in the capacity of; as being
	re	1(1)	in the matter of (used typically as the first word in the heading of an official document or to introduce a reference in a formal letter)
Topic	re	2(1a)	about; concerning
Topic	regarding	1(1)	in respect of; concerning
Circumstance	regardless of	1(1)	without regard or consideration for
	relative to	1(1)	in comparison with
	relative to	2(1a)	in terms of a connection to
	relative to	3(2)	about; concerning
	respecting	1(1)	with reference to; with regard to
Location	round	1(1)	on every side of (a focal point)
Topic	round	2(1a)	(of something abstract) having (the thing mentioned) as a focus
Location,1DTrajectory	round	3(2)	so as to encircle (someone or something)
1DTrajectory	round	4(2a)	(of a person's arm or arms) partially encircling (another person) as a gesture of affection
1DTrajectory	round	5(3)	following an approximately circular route past (a corner or obstacle)
Location,1DTrajectory	round	6(3a)	on the other side of (a corner or obstacle)
Destination	round	7(3b)	so as to hit (something) in passing
2DArea	round	8(4)	so as to cover or take in the whole area of (a place)
	round	9(n)	all day and all night; over a (time period)
	round about	1(1)	at a point or time approximately equal to
	round about	2(n)	on every side of
	sans	1(1)	in the absence of
	sans	2(1a)	in circumstances in which the action mentioned does not happen
	sans	3(2)	not having the use or benefit of
	sans	4(3)	outside
	sans	5(1)	without
	save	1(1)	except; other than
	save	2(n)	except for; other than for
	saving	1(1)	with the exception of; except
	saving	2(2)	with due respect to
	short for	1(1)	an abbreviation or nickname for
	short of	1(1)	less than
	short of	2(1a)	not reaching as far as
	short of	3(1b)	without going so far as (some extreme action)
	short of	4(n)	not reaching as far as (some location)
	short of	5(n)	not having enough of (something); lacking or deficient in
RelativeTime,StartTime	since	1(1)	in the intervening period between (the time mentioned) and the time under consideration, typically the present
	subsequent to	1(1)	coming after something in time; following
Scalar/Rank	than	1(1)	introducing the second element in a comparison
Comparison/Contrast	than	2(2)	used in expressions introducing an exception or contrast
Explanation	thanks to	1(1)	as a result of; due to
	this side of	1(1)	before (a particular time, date, or event)
	this side of	2(1a)	yet to reach (a particular age)
	this side of	3(2)	used to convey that something is comparable with a paragon or model of its kind
	this side of	4(n)	on this side of
1DTrajectory	thro'	1(1)	moving in one side and out of the other side of (an opening, channel, or location)
1DTrajectory	thro'	10(3)	so as to inspect all or part of (a collection, inventory, or publication)
3DMedium	thro'	10(3)-1	thro'out (a place)
EndTime	thro'	11(4)	up to and including (a particular point in an ordered sequence)
Course,Means,Via	thro'	12(5)	by means of (a process or intermediate stage)
Destinaton,1DTrajectory	thro'	12(5)-1	used to denote two things that can interconnect
Via	thro'	13(5a)	by means of (an intermediary or agent)
	thro'	14(1)	literary or informal spelling of through
1DTrajectory	thro'	2(1a)	so as to make a hole or opening in (a physical object)
3DMedium	thro'	3(1b)	moving around or from one side to the other within (a crowd or group)
1DTrajectory	thro'	4(1c)	so as to be perceived from the other side of (an intervening obstacle)
Location	thro'	5(1d)	expressing the position or location of something beyond or at the far end of (an opening or an obstacle)
Course	thro'	5(1d)-1	by way of (a place)
Extent	thro'	6(1e)	expressing the extent of turning from one orientation to another
Duration	thro'	7(2)	continuing in time towards completion of (a process or period)
	thro'	8(2a)	so as to complete (a particular stage or trial) successfully
Duration	thro'	9(2b)	from beginning to end of (an experience or activity, typically a tedious or stressful one)
1DTrajectory	through	1(1)	moving in one side and out of the other side of (an opening, channel, or location)
1DTrajectory	through	10(3)	so as to inspect all or part of (a collection, inventory, or publication)
3DMedium	through	10(3)-1	throughout (a place)
EndTime	through	11(4)	up to and including (a particular point in an ordered sequence)
Course,Means,Via	through	12(5)	by means of (a process or intermediate stage)
1DTrajectory	through	12(5)-1	used to denote two things that can interconnect
Via	through	13(5a)	by means of (an intermediary or agent)
1DTrajectory	through	2(1a)	so as to make a hole or opening in (a physical object)
3DMedium	through	3(1b)	moving around or from one side to the other within (a crowd or group)
1DTrajectory	through	4(1c)	so as to be perceived from the other side of (an intervening obstacle)
Location	through	5(1d)	expressing the position or location of something beyond or at the far end of (an opening or an obstacle)
Course	through	5(1d)-1	by way of (a place)
Extent	through	6(1e)	expressing the extent of turning from one orientation to another
Duration	through	7(2)	continuing in time towards completion of (a process or period)
	through	8(2a)	so as to complete (a particular stage or trial) successfully
Duration	through	9(2b)	from beginning to end of (an experience or activity, typically a tedious or stressful one)
Location,2DArea	throughout	1(1)	in every part of (a place or object)
Duration	throughout	2(1a)	from beginning to end of (an event or period of time)
	throughout	3(n)	so as to include all parts of
1DTrajectory	thru	1(1)	moving in one side and out of the other side of (an opening, channel, or location)
1DTrajectory	thru	10(3)	so as to inspect all or part of (a collection, inventory, or publication)
3DMedium	thru	10(3)-1	thruout (a place)
EndTime	thru	11(4)	up to and including (a particular point in an ordered sequence)
Course,Means,Via	thru	12(5)	by means of (a process or intermediate stage)
Destinaton,1DTrajectory	thru	12(5)-1	used to denote two things that can interconnect
Via	thru	13(5a)	by means of (an intermediary or agent)
	thru	14(1)	informal spelling of through
1DTrajectory	thru	2(1a)	so as to make a hole or opening in (a physical object)
3DMedium	thru	3(1b)	moving around or from one side to the other within (a crowd or group)
1DTrajectory	thru	4(1c)	so as to be perceived from the other side of (an intervening obstacle)
Location	thru	5(1d)	expressing the position or location of something beyond or at the far end of (an opening or an obstacle)
Course	thru	5(1d)-1	by way of (a place)
Extent	thru	6(1e)	expressing the extent of turning from one orientation to another
Duration	thru	7(2)	continuing in time towards completion of (a process or period)
	thru	8(2a)	so as to complete (a particular stage or trial) successfully
Duration	thru	9(2b)	from beginning to end of (an experience or activity, typically a tedious or stressful one)
	thwart	1(1)	from side to side of; across
	thwart	2(2)	in opposition to; counter to
	thwart	3(1)	from one side to another side of; across
EndTime	till	1(1)	up to (the point in time or the event mentioned)
	till	2(1)	less formal way of saying until
Destination	to	1(1)	expressing motion in the direction of (a particular location)
	to	10(4a)	used in various phrases to indicate how something is related to something else (often followed by a noun without a determiner)
Value	to	11(4b)	indicating a rate of return on something, for example the distance travelled in exchange for fuel used
Value	to	12(4c)	indicating the power (exponent) to which a number is raised
Co-Theme	to	13(5)	indicating that two things are attached or linked
Reciprocation,Stimulus,Theme	to	14(6)	concerning or likely to concern (something)
Comparison/Contrast	to	15(7)	used to introduce the second element in a comparison
	to	16(8)	placed before a debit entry in accounting
Location	to	2(1a)	expressing location, typically in relation to a specified point of reference
Comparison/Contrast,EndState,EndTime	to	3(1b)	expressing a point reached at the end of a range or after a period of time
ClockTimeCxn	to	4(1c)	(in telling the time) before (the hour specified)
EndState,State	to	5(2)	approaching or reaching (a particular condition)
EndState	to	6(2a)	expressing the result of a process or action
EndState	to	7(2b)	governing a phrase expressing someone's reaction to something
Beneficiary,Goal,Recipient	to	8(3)	identifying the person or thing affected by or receiving something
Beneficiary,Experiencer,Patient	to	8(3)-1	identifying the person or thing affected by or receiving something
Co-Theme,ProfessionalAspect	to	9(4)	identifying a particular relationship between one person and another
	to the accompaniment of	1(1)	with accompanying or background music or sound from
	to the accompaniment of	2(n)	with something that supplements or complements
	to the tune of	1(1)	amounting to or involving (a specified considerable sum)
Accompanier	together with	1(1)	as well as; along with
	touching	1(1)	concerning; about
Direction	toward	1(1)	in the direction of
Goal	toward	2(1a)	getting closer to achieving (a goal)
RelativeTime	toward	3(1b)	close or closer to (a particular time)
Beneficiary,Topic	toward	4(2)	expressing the relation between a behavior and the person or thing at which it is directed
	toward	4(2)-1	expressing the relation between an attitude and the person or thing at which it is directed or with which it is concerned
Function	toward	5(3)	contributing to the cost of
	toward	6(1)	variant of towards
Direction	towards	1(1)	in the direction of
Goal	towards	2(1a)	getting closer to achieving (a goal)
RelativeTime	towards	3(1b)	close or closer to (a particular time)
Beneficiary,Topic	towards	4(2)	expressing the relation between a behavior and the person or thing at which it is directed
	towards	4(2)-1	expressing the relation between an attitude and the person or thing at which it is directed or with which it is concerned
Function	towards	5(3)	contributing to the cost of
Location	under	1(1)	extending or directly below
State	under	10(4b)	as a reaction to or undergoing the pressure of (something)
Circumstance,State	under	11(4c)	as provided for by the rules of; in accordance with
State	under	12(4d)	used to express grouping or classification
State	under	13(4e)	within the environment of (a particular operating system)
State	under	14(5)	undergoing (a process)
State	under	15(5a)	in a state of
	under	16(5b)	planted with
Location	under	2(1a)	below (something covering or protecting)
Location	under	3(2)	at a lower level or layer than
Location	under	4(2a)	behind (a physical surface)
State	under	5(2b)	behind or hidden behind (an appearance)
Scalar/Rank	under	6(2c)	lower in grade or rank than
Approximator	under	7(3)	lower than (a specified amount, rate, or norm)
ProfessionalAspect,State	under	8(4)	dominated or controlled by
State	under	9(4a)	during the rule of
	under cover of	1(1)	concealed by
	under cover of	2(1a)	while pretending to do
	under cover of	3(n)	as stated in
	under pain of	1(1)	the penalty for disobedience or shortcoming being
	under sentence of	1(1)	condemned to
	under the heel of	1(1)	dominated or controlled by
	underneath	1(1)	situated directly below (something else)
	underneath	2(2)	so as to be concealed by (something else)
	underneath	3(2a)	partly or wholly concealed by (a garment)
	underneath	4(n)	lower in grade or rank than
	underneath	5(n)	lower than (a specified amount or standard)
Comparison/Contrast	unlike	1(1)	different from; not similar to
Comparison/Contrast	unlike	2(1a)	in contrast to; differently from
	unlike	3(1b)	uncharacteristic of (someone)
EndTime	until	1(1)	up to (the point in time or the event mentioned)
	unto	1(1)	archaic term for to
	unto	1(1)-1	(with a reflexive pronoun) in its own right
	unto	2(2)	archaic term for until
	unto	3(n)	expressing motion in the direction of (a particular location)
	unto	4(n)	approaching or reaching (a particular condition)
	unto	5(n)	expressing a change of state
	unto	6(n)	identifying a particular relationship between one person and another
	unto	7(n)	how something is related to something else
1DTrajectory	up	1(1)	from a lower to a higher point of (something)
Course,Location	up	2(1a)	to a higher part of (a river or stream), away from the sea
Course,Location	up	3(2)	along or further along (a street or road)
Location	up	4(3)	at or to (a place)
	up against	1(1)	close to or in contact with
	up against	2(1a)	confronted with
	up and down	2(1a)	to and fro along
	up and down	3(2)	in various places throughout
	up before	1(1)	appearing for a hearing in the presence of
	up for	1(1)	available for
	up for	2(2)	being considered for
	up for	3(3)	due for
	up for	4(4)	ready to take part in (a particular activity)
Destination	up to	1(1)	as far as
EndTime	up to	2(1a)	until
ValueComparison	up to	3(2)	indicating a maximum amount
State	up to	4(3)	good enough for
State	up to	5(3a)	capable of or fit for
State	up to	6(4)	the responsibility or choice of (someone)
Activity	up to	7(5)	occupied or busy with
Location	upon	1(1)	physically in contact with and supported by (a surface)
ProfessionalAspect	upon	10(4)	as a member of (a committee, jury, or other body)
Goal	upon	11(5)	having (the thing mentioned) as a target, aim, or focus
Beneficiary	upon	11(5)-1	denoting the party or object affected by or experiencing a state or feeling
Destination,Locus	upon	12(6)	(often followed by a noun without a determiner) having (the thing mentioned) as a medium for transmitting or storing information
Via	upon	13(6a)	being broadcast by (a radio or television channel)
Locus	upon	14(7)	in the course of (a journey)
Location	upon	15(7a)	while travelling in (a public vehicle)
Destination	upon	16(7b)	on to (a public vehicle) with the intention of travelling in it
Time	upon	17(8)	indicating the day or part of a day during which an event takes place
Time	upon	18(8a)	at the time of
Activity	upon	19(9)	engaged in
Location	upon	2(1a)	located somewhere in the general surface area of (a place)
State	upon	20(10)	regularly taking (a drug or medicine)
	upon	21(11)	paid for by
	upon	22(12)	added to
	upon	23(1)	more formal term for on, especially in abstract senses
	upon	3(1b)	as a result of accidental physical contact with
Other	upon	4(1c)	supported by (a part of the body)
Destination	upon	5(1d)	on to
Possessor	upon	6(1e)	in the possession of; being carried by
Location	upon	7(2)	forming a distinctive or marked part of the surface of
Topic	upon	8(3)	having (the thing mentioned) as a topic; about
Topic	upon	9(3a)	having (the thing mentioned) as a basis
	upon	9(3a)-1	having (the thing mentioned) as the basis for monetary value
	upside	1(1)	against; on
	upward of	1(1)	more than
	upwards of	1(1)	more than
	versus	1(1)	against (especially in sporting and legal use)
Comparison/Contrast	versus	2(1a)	as opposed to; in contrast to
Course	via	1(1)	travelling through (a place) en route to a destination
Means,Via	via	2(1a)	by way of; through
Via	via	3(1b)	by means of
	vice	1(1)	as a substitute for
	vis-a-vis	1(1)	in relation to; with regard to
	vis-a-vis	2(1a)	as compared with; as opposed to
	while	1(1)	up to (the point in time or the event mentioned)
	while	2(1)	until
Accompanier,Co-Participant	with	1(1)	accompanied by (another person or thing)
Circumstance	with	1(1)-1	denoting circumstances that accompany some action or event
Attribute	with	10(7a)	affected by (a particular fact or condition)
Stimulus	with	11(7b)	indicating the cause of (a condition)
Causer	with	12(7c)	because of (something) and as it happens
ProfessionalAspect	with	13(8)	employed by
ProfessionalAspect	with	14(8a)	using the services of
3DMedium	with	15(9)	in the same direction as
	with	15(9)-1	indicating a party sharing an opinion
	with	16(10)	indicating separation or removal from something
Attribute	with	2(2)	having or possessing (something)
Attribute	with	3(2a)	wearing or carrying
Instrument,Means	with	4(3)	indicating the instrument used to perform an action
Topic	with	4(3)-1	identifyng the content of a communication
Theme	with	5(3a)	indicating the material used for a purpose
Co-Agent	with	6(4)	in opposition to
Manner	with	7(5)	indicating the manner or attitude in which a person does something
	with	8(6)	indicating responsibility
Activity,Co-Theme,Beneficiary,Recipient,Theme,Topic	with	9(7)	in relation to
	with reference to	1(1)	in relation to; as regards
	with regard to	1(1)	as concerns; in respect of
	with respect to	1(1)	as regards; with reference to
Elements	with the exception of	1(1)	except; not including
Location,Superset	within	1(1)	inside (something)
Location	within	2(1a)	inside the range of (an area or boundary)
Location	within	3(1b)	inside the range of (a specified action or perception)
Locus,Superset	within	4(1c)	inside the bounds set by (a concept, argument, etc.)
Location	within	5(2)	not further off than (used with distances)
DeicticTime	within	6(3)	occurring inside (a particular period of time)
	within	7(n)	expressing inclusion or involvement
	within sight of	1(1)	so as to see or be seen from
	within sight of	2(1a)	within reach of; close to attaining
Accompanier	without	1(1)	in the absence of
Circumstance,Manner	without	2(1a)	in circumstances in which the action mentioned does not happen
Attribute,Instrument	without	3(2)	not having the use or benefit of
Location	without	4(3)	outside
